-- phpMyAdmin SQL Dump
-- version 4.4.15.7
-- http://www.phpmyadmin.net
--
-- Host: 127.0.0.1
-- Generation Time: Oct 02, 2017 at 12:27 AM
-- Server version: 5.6.36
-- PHP Version: 7.1.2

SET SQL_MODE = "NO_AUTO_VALUE_ON_ZERO";
SET time_zone = "+00:00";


/*!40101 SET @OLD_CHARACTER_SET_CLIENT=@@CHARACTER_SET_CLIENT */;
/*!40101 SET @OLD_CHARACTER_SET_RESULTS=@@CHARACTER_SET_RESULTS */;
/*!40101 SET @OLD_COLLATION_CONNECTION=@@COLLATION_CONNECTION */;
/*!40101 SET NAMES utf8mb4 */;

--
-- Database: `basic`
--

-- --------------------------------------------------------

--
-- Table structure for table `category`
--

CREATE TABLE IF NOT EXISTS `category` (
  `category_id` int(11) NOT NULL,
  `user_id` int(11) NOT NULL,
  `description` varchar(225) NOT NULL,
  `status` int(11) NOT NULL
) ENGINE=InnoDB AUTO_INCREMENT=91 DEFAULT CHARSET=utf8;

--
-- Dumping data for table `category`
--

INSERT INTO `category` (`category_id`, `user_id`, `description`, `status`) VALUES
(1, 1, 'Relieved Reindeer', 1),
(2, 1, 'Selfish Squirrel', 1),
(3, 1, 'Fair Flatworm', 1),
(4, 1, 'Real Rabbit', 1),
(5, 1, 'Poised Polecat', 1),
(6, 1, 'Ugly Unicorn', 1),
(7, 1, 'Uninterested Unicorn', 1),
(8, 1, 'Condemned Cicada', 1),
(9, 1, 'Anxious Addax', 1),
(10, 1, 'Long Ladybird', 1),
(11, 1, 'Innocent Ibex', 1),
(12, 1, 'Silly Skipper', 1),
(13, 1, 'Plain Porcupine', 1),
(14, 1, 'Enchanting Elk', 1),
(15, 1, 'Witty Warbler', 1),
(16, 1, 'Frail Falcon', 1),
(17, 1, 'Colorful Chicken', 1),
(18, 1, 'Easy Elephant', 1),
(19, 2, 'Graceful Goosander', 1),
(20, 2, 'Old-fashioned Opossum', 1),
(21, 2, 'Nice Newt', 1),
(22, 2, 'Defeated Dragonfly', 1),
(23, 2, 'Concerned Cat', 1),
(24, 2, 'Clean Centipede', 1),
(25, 2, 'Misty Mink', 1),
(26, 2, 'Graceful Gibbon', 1),
(27, 2, 'Funny Frog', 1),
(28, 2, 'Busy Booby', 1),
(29, 2, 'Awful Angelfish', 1),
(30, 2, 'Splendid Spider', 1),
(31, 2, 'Jittery Jackal', 1),
(32, 2, 'Obnoxious Otter', 1),
(33, 2, 'Worried Walrus', 1),
(34, 2, 'Angry Alligator', 1),
(35, 2, 'Motionless Magpie', 1),
(36, 2, 'Sore Skimmer', 1),
(37, 3, 'Black Baboon', 1),
(38, 3, 'Tame Tortoise', 1),
(39, 3, 'Dull Donkey', 1),
(40, 3, 'Fancy Fowl', 1),
(41, 3, 'Arrogant Aardvark', 1),
(42, 3, 'Selfish Seal', 1),
(43, 3, 'Distinct Dolphin', 1),
(44, 3, 'Gentle Guanaco', 1),
(45, 3, 'Helpless Hare', 1),
(46, 3, 'Average Armadillo', 1),
(47, 3, 'Hungry Hawk', 1),
(48, 3, 'Homeless Hornet', 1),
(49, 3, 'Hurt Heron', 1),
(50, 3, 'Mushy Magpie', 1),
(51, 3, 'Jittery Jay', 1),
(52, 3, 'Motionless Macaque', 1),
(53, 3, 'Dead Dog', 1),
(54, 3, 'Important Iguana', 1),
(55, 4, 'Jittery Jaguar', 1),
(56, 4, 'Open Osprey', 1),
(57, 4, 'Lucky Lion', 1),
(58, 4, 'Magnificent Mallard', 1),
(59, 4, 'Poised Puffin', 1),
(60, 4, 'Zany Zebra', 1),
(61, 4, 'Jittery Jackal', 1),
(62, 4, 'Delightful Dragonfly', 1),
(63, 4, 'Silly Snail', 1),
(64, 4, 'Aggressive Anaconda', 1),
(65, 4, 'Faithful Flatworm', 1),
(66, 4, 'Dangerous Donkey', 1),
(67, 4, 'Itchy Iguana', 1),
(68, 4, 'Brainy Bird', 1),
(69, 4, 'Grumpy Grasshopper', 1),
(70, 4, 'Defeated Dogfish', 1),
(71, 4, 'Fantastic Fly', 1),
(72, 4, 'Annoyed Albatross', 1),
(73, 5, 'Ugliest Unicorn', 1),
(74, 5, 'Uninterested Unicorn', 1),
(75, 5, 'Faithful Flatworm', 1),
(76, 5, 'Joyous Jaguar', 1),
(77, 5, 'Excited Elk', 1),
(78, 5, 'Nasty Nightingale', 1),
(79, 5, 'Dangerous Dingo', 1),
(80, 5, 'Fierce Fowl', 1),
(81, 5, 'Crowded Crocodile', 1),
(82, 5, 'Bewildered Badger', 1),
(83, 5, 'Shiny Stork', 1),
(84, 5, 'Thoughtless Tortoise', 1),
(85, 5, 'Brainy Bison', 1),
(86, 5, 'Adorable Anaconda', 1),
(87, 5, 'Mushy Meerkat', 1),
(88, 5, 'Cruel Cicada', 1),
(89, 5, 'Quaint Quoll', 1),
(90, 5, 'Puzzled Puma', 1);

-- --------------------------------------------------------

--
-- Table structure for table `checklist`
--

CREATE TABLE IF NOT EXISTS `checklist` (
  `checklist_id` int(11) NOT NULL,
  `user_id` int(11) NOT NULL,
  `description` varchar(255) NOT NULL,
  `status` int(11) NOT NULL
) ENGINE=InnoDB AUTO_INCREMENT=76 DEFAULT CHARSET=utf8;

--
-- Dumping data for table `checklist`
--

INSERT INTO `checklist` (`checklist_id`, `user_id`, `description`, `status`) VALUES
(1, 1, 'Drab Dog', 1),
(2, 1, 'Concerned Cicada', 1),
(3, 1, 'Bloody Batfish', 1),
(4, 1, 'Puzzled Piranha', 1),
(5, 1, 'Puzzled Pheasant', 1),
(6, 1, 'Jolly Jackal', 1),
(7, 1, 'Magnificent Mosquito', 1),
(8, 1, 'Kind Kingfisher', 1),
(9, 1, 'Concerned Chicken', 1),
(10, 1, 'Repulsive Reindeer', 1),
(11, 1, 'Fair Flamingo', 1),
(12, 1, 'Fantastic Falcon', 1),
(13, 1, 'Lazy Lark', 1),
(14, 1, 'Sore Salmon', 1),
(15, 1, 'Aggressive Ant', 1),
(16, 2, 'Frantic Flamingo', 1),
(17, 2, 'Bloody Butterfly', 1),
(18, 2, 'Frantic Ferret', 1),
(19, 2, 'Adventurous Aardvark', 1),
(20, 2, 'Filthy Finch', 1),
(21, 2, 'Ugly Unicorn', 1),
(22, 2, 'Impossible Iguana', 1),
(23, 2, 'Eager Eland', 1),
(24, 2, 'Gorgeous Gaur', 1),
(25, 2, 'Nice Nightingale', 1),
(26, 2, 'Disturbed Deer', 1),
(27, 2, 'Gorgeous Goshawk', 1),
(28, 2, 'Yellowed Yak', 1),
(29, 2, 'Combative Crane', 1),
(30, 2, 'Real Reindeer', 1),
(31, 3, 'Obedient Opossum', 1),
(32, 3, 'Mysterious Macaque', 1),
(33, 3, 'Repulsive Rook', 1),
(34, 3, 'Breakable Badger', 1),
(35, 3, 'Prickly Piranha', 1),
(36, 3, 'Delightful Dogfish', 1),
(37, 3, 'Alert Aardvark', 1),
(38, 3, 'Clean Crocodile', 1),
(39, 3, 'Tired Turkey', 1),
(40, 3, 'Filthy Falcon', 1),
(41, 3, 'Wild Wren', 1),
(42, 3, 'Lonely Lyrebird', 1),
(43, 3, 'Zealous Zebra', 1),
(44, 3, 'Impossible Ibis', 1),
(45, 3, 'Puzzled Parrot', 1),
(46, 4, 'Excited Elk', 1),
(47, 4, 'Poised Pollan', 1),
(48, 4, 'Muddy Manx', 1),
(49, 4, 'Bored Bear', 1),
(50, 4, 'Gorgeous Goosander', 1),
(51, 4, 'Real Rook', 1),
(52, 4, 'Xanthous Xenomorph', 1),
(53, 4, 'Nice Narwhal', 1),
(54, 4, 'Proud Petrel', 1),
(55, 4, 'Creepy Cormorant', 1),
(56, 4, 'Troubled Tortoise', 1),
(57, 4, 'Wicked Wryneck', 1),
(58, 4, 'Strange Swan', 1),
(59, 4, 'Combative Cassowary', 1),
(60, 4, 'Shiny Scarab', 1),
(61, 5, 'Poised Pygmy', 1),
(62, 5, 'Eager Elk', 1),
(63, 5, 'Creepy Chicken', 1),
(64, 5, 'Dark Dragonfly', 1),
(65, 5, 'Obedient Ostrich', 1),
(66, 5, 'Alive Alligator', 1),
(67, 5, 'Perfect Porpoise', 1),
(68, 5, 'Elated Eland', 1),
(69, 5, 'Envious Elephant', 1),
(70, 5, 'Repulsive Rattlesnake', 1),
(71, 5, 'Nutty Narwhal', 1),
(72, 5, 'Difficult Dragonfly', 1),
(73, 5, 'Ill Ibis', 1),
(74, 5, 'Black Bee', 1),
(75, 5, 'Horrible Hoopoe', 1);

-- --------------------------------------------------------

--
-- Table structure for table `checklist_product`
--

CREATE TABLE IF NOT EXISTS `checklist_product` (
  `checklist_product_id` int(11) NOT NULL,
  `checklist_id` int(11) NOT NULL,
  `product_id` int(11) NOT NULL
) ENGINE=InnoDB AUTO_INCREMENT=301 DEFAULT CHARSET=utf8;

--
-- Dumping data for table `checklist_product`
--

INSERT INTO `checklist_product` (`checklist_product_id`, `checklist_id`, `product_id`) VALUES
(1, 1, 33),
(2, 1, 47),
(3, 1, 37),
(4, 1, 22),
(5, 2, 6),
(6, 2, 30),
(7, 2, 24),
(8, 2, 12),
(9, 3, 36),
(10, 3, 14),
(11, 3, 6),
(12, 3, 16),
(13, 4, 7),
(14, 4, 7),
(15, 4, 39),
(16, 4, 28),
(17, 5, 43),
(18, 5, 5),
(19, 5, 28),
(20, 5, 14),
(21, 6, 3),
(22, 6, 47),
(23, 6, 7),
(24, 6, 5),
(25, 7, 43),
(26, 7, 15),
(27, 7, 22),
(28, 7, 4),
(29, 8, 31),
(30, 8, 13),
(31, 8, 28),
(32, 8, 28),
(33, 9, 41),
(34, 9, 20),
(35, 9, 37),
(36, 9, 24),
(37, 10, 47),
(38, 10, 7),
(39, 10, 47),
(40, 10, 10),
(41, 11, 5),
(42, 11, 11),
(43, 11, 23),
(44, 11, 41),
(45, 12, 20),
(46, 12, 8),
(47, 12, 12),
(48, 12, 12),
(49, 13, 13),
(50, 13, 6),
(51, 13, 48),
(52, 13, 7),
(53, 14, 11),
(54, 14, 17),
(55, 14, 30),
(56, 14, 37),
(57, 15, 19),
(58, 15, 24),
(59, 15, 16),
(60, 15, 27),
(61, 16, 63),
(62, 16, 64),
(63, 16, 56),
(64, 16, 79),
(65, 17, 95),
(66, 17, 70),
(67, 17, 91),
(68, 17, 90),
(69, 18, 87),
(70, 18, 64),
(71, 18, 76),
(72, 18, 87),
(73, 19, 76),
(74, 19, 98),
(75, 19, 71),
(76, 19, 62),
(77, 20, 80),
(78, 20, 67),
(79, 20, 58),
(80, 20, 92),
(81, 21, 96),
(82, 21, 96),
(83, 21, 66),
(84, 21, 71),
(85, 22, 99),
(86, 22, 85),
(87, 22, 92),
(88, 22, 89),
(89, 23, 66),
(90, 23, 78),
(91, 23, 89),
(92, 23, 52),
(93, 24, 55),
(94, 24, 80),
(95, 24, 53),
(96, 24, 94),
(97, 25, 65),
(98, 25, 68),
(99, 25, 95),
(100, 25, 75),
(101, 26, 91),
(102, 26, 86),
(103, 26, 93),
(104, 26, 58),
(105, 27, 59),
(106, 27, 84),
(107, 27, 91),
(108, 27, 70),
(109, 28, 78),
(110, 28, 72),
(111, 28, 58),
(112, 28, 79),
(113, 29, 95),
(114, 29, 69),
(115, 29, 90),
(116, 29, 87),
(117, 30, 97),
(118, 30, 81),
(119, 30, 71),
(120, 30, 97),
(121, 31, 139),
(122, 31, 124),
(123, 31, 143),
(124, 31, 104),
(125, 32, 150),
(126, 32, 127),
(127, 32, 140),
(128, 32, 145),
(129, 33, 101),
(130, 33, 144),
(131, 33, 112),
(132, 33, 111),
(133, 34, 123),
(134, 34, 126),
(135, 34, 130),
(136, 34, 146),
(137, 35, 116),
(138, 35, 124),
(139, 35, 130),
(140, 35, 145),
(141, 36, 144),
(142, 36, 137),
(143, 36, 110),
(144, 36, 128),
(145, 37, 138),
(146, 37, 130),
(147, 37, 143),
(148, 37, 111),
(149, 38, 123),
(150, 38, 103),
(151, 38, 121),
(152, 38, 141),
(153, 39, 102),
(154, 39, 144),
(155, 39, 145),
(156, 39, 150),
(157, 40, 103),
(158, 40, 104),
(159, 40, 133),
(160, 40, 123),
(161, 41, 127),
(162, 41, 139),
(163, 41, 126),
(164, 41, 150),
(165, 42, 133),
(166, 42, 130),
(167, 42, 109),
(168, 42, 112),
(169, 43, 140),
(170, 43, 114),
(171, 43, 148),
(172, 43, 114),
(173, 44, 143),
(174, 44, 122),
(175, 44, 147),
(176, 44, 101),
(177, 45, 116),
(178, 45, 133),
(179, 45, 145),
(180, 45, 107),
(181, 46, 160),
(182, 46, 157),
(183, 46, 166),
(184, 46, 190),
(185, 47, 177),
(186, 47, 173),
(187, 47, 198),
(188, 47, 199),
(189, 48, 185),
(190, 48, 170),
(191, 48, 197),
(192, 48, 163),
(193, 49, 192),
(194, 49, 157),
(195, 49, 180),
(196, 49, 190),
(197, 50, 153),
(198, 50, 183),
(199, 50, 172),
(200, 50, 192),
(201, 51, 184),
(202, 51, 152),
(203, 51, 192),
(204, 51, 160),
(205, 52, 170),
(206, 52, 168),
(207, 52, 163),
(208, 52, 192),
(209, 53, 198),
(210, 53, 194),
(211, 53, 171),
(212, 53, 174),
(213, 54, 152),
(214, 54, 158),
(215, 54, 164),
(216, 54, 177),
(217, 55, 176),
(218, 55, 181),
(219, 55, 176),
(220, 55, 190),
(221, 56, 184),
(222, 56, 161),
(223, 56, 154),
(224, 56, 164),
(225, 57, 167),
(226, 57, 160),
(227, 57, 178),
(228, 57, 194),
(229, 58, 177),
(230, 58, 172),
(231, 58, 192),
(232, 58, 184),
(233, 59, 194),
(234, 59, 185),
(235, 59, 193),
(236, 59, 177),
(237, 60, 155),
(238, 60, 171),
(239, 60, 160),
(240, 60, 181),
(241, 61, 225),
(242, 61, 243),
(243, 61, 237),
(244, 61, 249),
(245, 62, 247),
(246, 62, 232),
(247, 62, 228),
(248, 62, 205),
(249, 63, 216),
(250, 63, 218),
(251, 63, 238),
(252, 63, 206),
(253, 64, 218),
(254, 64, 250),
(255, 64, 228),
(256, 64, 246),
(257, 65, 220),
(258, 65, 238),
(259, 65, 218),
(260, 65, 247),
(261, 66, 217),
(262, 66, 203),
(263, 66, 240),
(264, 66, 244),
(265, 67, 220),
(266, 67, 220),
(267, 67, 244),
(268, 67, 224),
(269, 68, 243),
(270, 68, 219),
(271, 68, 229),
(272, 68, 223),
(273, 69, 229),
(274, 69, 249),
(275, 69, 203),
(276, 69, 232),
(277, 70, 245),
(278, 70, 240),
(279, 70, 215),
(280, 70, 223),
(281, 71, 247),
(282, 71, 214),
(283, 71, 234),
(284, 71, 244),
(285, 72, 210),
(286, 72, 244),
(287, 72, 221),
(288, 72, 202),
(289, 73, 210),
(290, 73, 250),
(291, 73, 230),
(292, 73, 245),
(293, 74, 250),
(294, 74, 215),
(295, 74, 233),
(296, 74, 205),
(297, 75, 229),
(298, 75, 239),
(299, 75, 237),
(300, 75, 222);

-- --------------------------------------------------------

--
-- Table structure for table `product`
--

CREATE TABLE IF NOT EXISTS `product` (
  `product_id` int(11) NOT NULL,
  `category_id` int(11) NOT NULL,
  `description` varchar(225) NOT NULL,
  `price` double NOT NULL,
  `quantity` int(11) NOT NULL,
  `img` varchar(255) DEFAULT NULL,
  `status` int(11) NOT NULL
) ENGINE=InnoDB AUTO_INCREMENT=251 DEFAULT CHARSET=utf8;

--
-- Dumping data for table `product`
--

INSERT INTO `product` (`product_id`, `category_id`, `description`, `price`, `quantity`, `img`, `status`) VALUES
(1, 4, 'Light Louse', 94, 309, '1.png', 1),
(2, 12, 'Cooperative Cat', 151, 305, '2.png', 1),
(3, 17, 'Frantic Flamingo', 106, 478, '3.png', 1),
(4, 1, 'Jealous Jaguar', 89, 345, '4.png', 1),
(5, 6, 'Grieving Gazelle', 150, 308, '5.png', 1),
(6, 1, 'Cheerful Crab', 94, 343, '6.png', 1),
(7, 7, 'Important Iguana', 112, 438, '7.png', 1),
(8, 7, 'Sparkling Salmon', 189, 490, '8.png', 1),
(9, 17, 'Obnoxious Ostrich', 139, 320, '9.png', 1),
(10, 9, 'Tough Toucan', 150, 475, '10.png', 1),
(11, 1, 'Cheerful Cormorant', 122, 357, '11.png', 1),
(12, 8, 'Long Loris', 182, 459, '12.png', 1),
(13, 6, 'Hungry Hedgehog', 192, 483, '13.png', 1),
(14, 14, 'Clumsy Caribou', 153, 405, '14.png', 1),
(15, 3, 'Victorious Vicuña', 129, 386, '15.png', 1),
(16, 18, 'Jealous Jellyfish', 128, 413, '16.png', 1),
(17, 11, 'Bored Booby', 171, 388, '17.png', 1),
(18, 3, 'Awful Antelope', 156, 500, '18.png', 1),
(19, 9, 'Tame Teira', 128, 407, '19.png', 1),
(20, 15, 'Mysterious Manatee', 120, 309, '20.png', 1),
(21, 11, 'Victorious Vicuña', 138, 357, '21.png', 1),
(22, 10, 'Determined Dragonfly', 149, 396, '22.png', 1),
(23, 7, 'Grotesque Gazelle', 130, 496, '23.png', 1),
(24, 6, 'Brave Badger', 118, 388, '24.png', 1),
(25, 4, 'Evil Elk', 85, 387, '25.png', 1),
(26, 15, 'Defiant Dugong', 141, 319, '26.png', 1),
(27, 15, 'Confused Cheetah', 185, 441, '27.png', 1),
(28, 4, 'Better Bat', 105, 413, '28.png', 1),
(29, 5, 'Uptight Unicorn', 145, 382, '29.png', 1),
(30, 12, 'Cruel Cod', 193, 409, '30.png', 1),
(31, 10, 'Old-fashioned Okapi', 126, 417, '31.png', 1),
(32, 13, 'Shiny Snail', 163, 323, '32.png', 1),
(33, 13, 'Amused Anteater', 131, 325, '33.png', 1),
(34, 10, 'Crazy Cardinal', 163, 370, '34.png', 1),
(35, 17, 'Distinct Dove', 199, 364, '35.png', 1),
(36, 7, 'Inexpensive Impala', 191, 448, '36.png', 1),
(37, 2, 'Dull Dotterel', 140, 487, '37.png', 1),
(38, 15, 'Panicky Peafowl', 200, 469, '38.png', 1),
(39, 1, 'Quaint Quetzal', 193, 491, '39.png', 1),
(40, 6, 'Uptight Unicorn', 177, 494, '40.png', 1),
(41, 9, 'Spotless Snake', 99, 495, '41.png', 1),
(42, 2, 'Glamorous Grouse', 100, 365, '42.png', 1),
(43, 8, 'Successful Sardine', 106, 314, '43.png', 1),
(44, 3, 'Light Lobster', 87, 334, '44.png', 1),
(45, 2, 'Grotesque Gannet', 192, 435, '45.png', 1),
(46, 18, 'Xenophobic Xenomorph', 117, 420, '46.png', 1),
(47, 18, 'Quaint Quetzal', 158, 478, '47.png', 1),
(48, 6, 'Gifted Grasshopper', 171, 425, '48.png', 1),
(49, 17, 'Frightened Fox', 176, 368, '49.png', 1),
(50, 5, 'Dizzy Dogfish', 114, 307, '50.png', 1),
(51, 36, 'Expensive Eland', 116, 397, '1.png', 1),
(52, 29, 'Successful Shrew', 149, 331, '2.png', 1),
(53, 33, 'Blue Bear', 193, 322, '3.png', 1),
(54, 32, 'Zany Zebra', 179, 418, '4.png', 1),
(55, 29, 'Adventurous Ant', 177, 436, '5.png', 1),
(56, 23, 'Prickly Pelican', 96, 356, '6.png', 1),
(57, 19, 'Long Lobster', 173, 334, '7.png', 1),
(58, 32, 'Perfect Puma', 138, 361, '8.png', 1),
(59, 33, 'Fragile Finch', 107, 427, '9.png', 1),
(60, 31, 'Fierce Ferret', 163, 449, '10.png', 1),
(61, 20, 'Amused Antelope', 185, 452, '11.png', 1),
(62, 31, 'Real Ratel', 95, 499, '12.png', 1),
(63, 34, 'Lonely Loris', 177, 327, '13.png', 1),
(64, 31, 'Ashamed Alpaca', 187, 340, '14.png', 1),
(65, 26, 'Prickly Puma', 162, 370, '15.png', 1),
(66, 33, 'Annoyed Ape', 114, 340, '16.png', 1),
(67, 30, 'Helpless Hedgehog', 165, 473, '17.png', 1),
(68, 26, 'Nervous Narwhal', 116, 457, '18.png', 1),
(69, 22, 'Smiling Seahorse', 159, 336, '19.png', 1),
(70, 19, 'Stormy Stag', 163, 346, '20.png', 1),
(71, 21, 'Crazy Cassowary', 149, 372, '21.png', 1),
(72, 31, 'Grieving Gecko', 189, 327, '22.png', 1),
(73, 28, 'Confused Chinchilla', 176, 497, '23.png', 1),
(74, 34, 'Graceful Goat', 153, 409, '24.png', 1),
(75, 23, 'Cheerful Caracal', 131, 388, '25.png', 1),
(76, 28, 'Uninterested Unicorn', 110, 402, '26.png', 1),
(77, 32, 'Obedient Ox', 172, 472, '27.png', 1),
(78, 31, 'Ashamed Angelfish', 96, 342, '28.png', 1),
(79, 23, 'Clever Crocodile', 162, 399, '29.png', 1),
(80, 23, 'Fair Frog', 163, 393, '30.png', 1),
(81, 32, 'Nutty Newt', 92, 410, '31.png', 1),
(82, 35, 'Panicky Puma', 109, 481, '32.png', 1),
(83, 24, 'Bloody Boar', 150, 328, '33.png', 1),
(84, 30, 'Unusual Unicorn', 158, 427, '34.png', 1),
(85, 36, 'Prickly Peafowl', 99, 415, '35.png', 1),
(86, 30, 'Nasty Newt', 123, 314, '36.png', 1),
(87, 32, 'Careful Constrictor', 160, 363, '37.png', 1),
(88, 29, 'Sore Skimmer', 83, 440, '38.png', 1),
(89, 35, 'Busy Baboon', 132, 471, '39.png', 1),
(90, 30, 'Precious Panther', 138, 452, '40.png', 1),
(91, 30, 'Pleasant Plover', 97, 442, '41.png', 1),
(92, 21, 'Shy Serval', 83, 468, '42.png', 1),
(93, 34, 'Quaint Quelea', 186, 306, '43.png', 1),
(94, 33, 'Muddy Mink', 115, 491, '44.png', 1),
(95, 24, 'Difficult Dogfish', 165, 380, '45.png', 1),
(96, 20, 'Agreeable Antelope', 135, 484, '46.png', 1),
(97, 33, 'Foolish Flatworm', 124, 332, '47.png', 1),
(98, 29, 'Zany Zebra', 199, 477, '48.png', 1),
(99, 35, 'Nice Nightingale', 111, 450, '49.png', 1),
(100, 31, 'Disgusted Dingo', 116, 451, '50.png', 1),
(101, 51, 'Talented Thrush', 95, 384, '1.png', 1),
(102, 38, 'Careful Crocodile', 102, 431, '2.png', 1),
(103, 46, 'Vivacious Vulture', 115, 491, '3.png', 1),
(104, 45, 'Itchy Ibis', 156, 340, '4.png', 1),
(105, 53, 'Happy Hummingbird', 146, 405, '5.png', 1),
(106, 45, 'Elated Earthworm', 196, 360, '6.png', 1),
(107, 40, 'Fragile Frog', 88, 460, '7.png', 1),
(108, 39, 'Different Dragonfly', 199, 355, '8.png', 1),
(109, 45, 'Doubtful Dunlin', 196, 426, '9.png', 1),
(110, 50, 'Ashamed Alpaca', 118, 373, '10.png', 1),
(111, 37, 'Grotesque Goat', 152, 400, '11.png', 1),
(112, 38, 'Smoggy Swiftlet', 133, 374, '12.png', 1),
(113, 53, 'Adorable Anteater', 143, 344, '13.png', 1),
(114, 49, 'Strange Sloth', 181, 466, '14.png', 1),
(115, 49, 'Lucky Locust', 171, 370, '15.png', 1),
(116, 52, 'Stupid Snake', 118, 491, '16.png', 1),
(117, 53, 'Inexpensive Impala', 178, 494, '17.png', 1),
(118, 44, 'Nasty Narwhal', 200, 490, '18.png', 1),
(119, 40, 'Rich Rattlesnake', 106, 453, '19.png', 1),
(120, 38, 'Doubtful Dunlin', 115, 477, '20.png', 1),
(121, 44, 'Yellowed Yacare', 147, 351, '21.png', 1),
(122, 47, 'Old-fashioned Okapi', 98, 433, '22.png', 1),
(123, 42, 'Smoggy Skimmer', 112, 321, '23.png', 1),
(124, 49, 'Tense Tern', 178, 451, '24.png', 1),
(125, 46, 'Fancy Fox', 105, 386, '25.png', 1),
(126, 39, 'Average Angelfish', 130, 435, '26.png', 1),
(127, 53, 'Bloody Booby', 90, 418, '27.png', 1),
(128, 40, 'Enchanting Elephant', 191, 302, '28.png', 1),
(129, 41, 'Hurt Horse', 92, 410, '29.png', 1),
(130, 49, 'Open Orangutan', 105, 453, '30.png', 1),
(131, 51, 'Sleepy Sable', 129, 420, '31.png', 1),
(132, 40, 'Relieved Rattlesnake', 106, 358, '32.png', 1),
(133, 49, 'Ashamed Armadillo', 118, 411, '33.png', 1),
(134, 45, 'Better Bat', 152, 468, '34.png', 1),
(135, 41, 'Hilarious Hamster', 81, 427, '35.png', 1),
(136, 40, 'Horrible Hawk', 176, 446, '36.png', 1),
(137, 46, 'Elated Eel', 190, 412, '37.png', 1),
(138, 52, 'Troubled Tiger', 95, 327, '38.png', 1),
(139, 50, 'Perfect Partridge', 87, 326, '39.png', 1),
(140, 39, 'Victorious Vulture', 190, 437, '40.png', 1),
(141, 45, 'Fierce Finch', 190, 467, '41.png', 1),
(142, 48, 'Glamorous Grouse', 196, 416, '42.png', 1),
(143, 44, 'Crowded Cormorant', 103, 430, '43.png', 1),
(144, 43, 'Grumpy Gecko', 175, 462, '44.png', 1),
(145, 47, 'Naughty Nightingale', 119, 492, '45.png', 1),
(146, 39, 'Frail Finch', 143, 432, '46.png', 1),
(147, 40, 'Better Batfish', 106, 335, '47.png', 1),
(148, 42, 'Outstanding Opossum', 104, 414, '48.png', 1),
(149, 37, 'Cruel Cardinal', 143, 349, '49.png', 1),
(150, 45, 'Nutty Newt', 174, 452, '50.png', 1),
(151, 67, 'Prickly Pollan', 104, 383, '1.png', 1),
(152, 66, 'Angry Addax', 89, 421, '2.png', 1),
(153, 60, 'Panicky Porcupine', 162, 343, '3.png', 1),
(154, 60, 'Zany Zebra', 123, 385, '4.png', 1),
(155, 61, 'Vast Vole', 108, 472, '5.png', 1),
(156, 56, 'Condemned Civet', 198, 494, '6.png', 1),
(157, 59, 'Gentle Gorilla', 115, 446, '7.png', 1),
(158, 68, 'Nasty Newt', 162, 387, '8.png', 1),
(159, 69, 'Pleasant Pelican', 182, 347, '9.png', 1),
(160, 64, 'Happy Hippopotamus', 167, 321, '10.png', 1),
(161, 61, 'Blue Beaver', 158, 403, '11.png', 1),
(162, 65, 'Talented Tiger', 177, 347, '12.png', 1),
(163, 65, 'Adventurous Albatross', 90, 481, '13.png', 1),
(164, 61, 'Graceful Gibbon', 88, 474, '14.png', 1),
(165, 57, 'Scary Stoat', 134, 486, '15.png', 1),
(166, 55, 'Encouraging Eagle', 172, 321, '16.png', 1),
(167, 57, 'Grieving Gemsbok', 119, 440, '17.png', 1),
(168, 71, 'Outstanding Oryx', 152, 369, '18.png', 1),
(169, 63, 'Modern Mouse', 135, 453, '19.png', 1),
(170, 63, 'Grumpy Gentoo', 81, 414, '20.png', 1),
(171, 62, 'Breakable Baboon', 87, 302, '21.png', 1),
(172, 62, 'Cautious Chipmunk', 176, 414, '22.png', 1),
(173, 57, 'Confused Civet', 149, 441, '23.png', 1),
(174, 68, 'Lively Lemur', 125, 385, '24.png', 1),
(175, 56, 'Misty Moose', 125, 312, '25.png', 1),
(176, 57, 'Innocent Ibis', 119, 324, '26.png', 1),
(177, 71, 'Lucky Louse', 87, 352, '27.png', 1),
(178, 66, 'Dull Dog', 173, 366, '28.png', 1),
(179, 65, 'Mysterious Mandrill', 170, 364, '29.png', 1),
(180, 57, 'Helpless Horse', 129, 372, '30.png', 1),
(181, 64, 'Average Anaconda', 118, 316, '31.png', 1),
(182, 55, 'Ill Ibex', 167, 445, '32.png', 1),
(183, 61, 'Cute Chipmunk', 170, 394, '33.png', 1),
(184, 67, 'Unsightly Unicorn', 164, 488, '34.png', 1),
(185, 62, 'Open Ox', 145, 350, '35.png', 1),
(186, 71, 'Vast Vulture', 154, 456, '36.png', 1),
(187, 59, 'Foolish Fly', 110, 431, '37.png', 1),
(188, 69, 'Obnoxious Oyster', 150, 462, '38.png', 1),
(189, 59, 'Exuberant Eagle', 196, 314, '39.png', 1),
(190, 64, 'Dull Dolphin', 88, 460, '40.png', 1),
(191, 60, 'Jolly Jackal', 153, 353, '41.png', 1),
(192, 65, 'Powerful Peacock', 172, 321, '42.png', 1),
(193, 68, 'Shy Shark', 177, 389, '43.png', 1),
(194, 55, 'Difficult Duck', 181, 310, '44.png', 1),
(195, 61, 'Lonely Locust', 118, 465, '45.png', 1),
(196, 72, 'Easy Echidna', 151, 413, '46.png', 1),
(197, 59, 'Shiny Swan', 178, 379, '47.png', 1),
(198, 57, 'Annoying Ape', 100, 399, '48.png', 1),
(199, 63, 'Gleaming Gharial', 166, 308, '49.png', 1),
(200, 57, 'Clumsy Cormorant', 114, 339, '50.png', 1),
(201, 89, 'Crazy Civet', 167, 345, '1.png', 1),
(202, 84, 'Different Dugong', 110, 407, '2.png', 1),
(203, 88, 'Jolly Jay', 140, 335, '3.png', 1),
(204, 77, 'Dizzy Dunlin', 165, 374, '4.png', 1),
(205, 88, 'Elated Eagle', 129, 378, '5.png', 1),
(206, 78, 'Naughty Narwhal', 97, 493, '6.png', 1),
(207, 78, 'Fancy Fox', 199, 437, '7.png', 1),
(208, 90, 'Glorious Grebe', 144, 406, '8.png', 1),
(209, 85, 'Frightened Finch', 122, 386, '9.png', 1),
(210, 77, 'Funny Fly', 127, 382, '10.png', 1),
(211, 84, 'Powerful Pheasant', 139, 470, '11.png', 1),
(212, 80, 'Inexpensive Ibex', 94, 413, '12.png', 1),
(213, 83, 'Lovely Leopard', 184, 333, '13.png', 1),
(214, 79, 'Bored Batfish', 187, 474, '14.png', 1),
(215, 78, 'Cute Cassowary', 200, 330, '15.png', 1),
(216, 85, 'Testy Turkey', 136, 418, '16.png', 1),
(217, 85, 'Frightened Fish', 163, 357, '17.png', 1),
(218, 83, 'Mushy Mantis', 188, 417, '18.png', 1),
(219, 77, 'Gleaming Gharial', 141, 342, '19.png', 1),
(220, 82, 'Naughty Nightingale', 134, 319, '20.png', 1),
(221, 76, 'Nervous Nightingale', 89, 358, '21.png', 1),
(222, 79, 'Scary Shark', 186, 488, '22.png', 1),
(223, 73, 'Precious Platypus', 141, 332, '23.png', 1),
(224, 80, 'Average Alligator', 109, 329, '24.png', 1),
(225, 73, 'Crowded Civet', 151, 342, '25.png', 1),
(226, 73, 'Zealous Zebra', 90, 465, '26.png', 1),
(227, 77, 'Enthusiastic Emu', 163, 494, '27.png', 1),
(228, 80, 'Elated Earthworm', 128, 438, '28.png', 1),
(229, 90, 'Fine Fish', 173, 357, '29.png', 1),
(230, 87, 'Sleepy Skunk', 89, 415, '30.png', 1),
(231, 82, 'Mysterious Marten', 184, 446, '31.png', 1),
(232, 82, 'Sore Skimmer', 178, 467, '32.png', 1),
(233, 85, 'Repulsive Raven', 148, 363, '33.png', 1),
(234, 73, 'Bored Bird', 93, 417, '34.png', 1),
(235, 82, 'Magnificent Manx', 155, 417, '35.png', 1),
(236, 90, 'Ashamed Anteater', 182, 356, '36.png', 1),
(237, 88, 'Long Locust', 97, 344, '37.png', 1),
(238, 76, 'Lazy Lapwing', 168, 500, '38.png', 1),
(239, 89, 'Cruel Caracal', 134, 339, '39.png', 1),
(240, 73, 'Hungry Hedgehog', 109, 363, '40.png', 1),
(241, 90, 'Cloudy Capybara', 134, 476, '41.png', 1),
(242, 87, 'Selfish Sheep', 121, 304, '42.png', 1),
(243, 82, 'Zealous Zebra', 121, 418, '43.png', 1),
(244, 82, 'Fantastic Flamingo', 140, 400, '44.png', 1),
(245, 89, 'Breakable Bison', 123, 404, '45.png', 1),
(246, 86, 'Important Ibis', 98, 450, '46.png', 1),
(247, 87, 'Defeated Dormouse', 139, 419, '47.png', 1),
(248, 76, 'Scary Shrew', 168, 485, '48.png', 1),
(249, 86, 'Glorious Gecko', 121, 307, '49.png', 1),
(250, 76, 'Fair Fish', 177, 417, '50.png', 1);

-- --------------------------------------------------------

--
-- Table structure for table `product_tag`
--

CREATE TABLE IF NOT EXISTS `product_tag` (
  `product_tag_id` int(11) NOT NULL,
  `product_id` int(11) NOT NULL,
  `tag_id` int(11) NOT NULL
) ENGINE=InnoDB AUTO_INCREMENT=751 DEFAULT CHARSET=utf8;

--
-- Dumping data for table `product_tag`
--

INSERT INTO `product_tag` (`product_tag_id`, `product_id`, `tag_id`) VALUES
(1, 1, 8),
(2, 1, 7),
(3, 1, 4),
(4, 2, 10),
(5, 2, 7),
(6, 2, 9),
(7, 3, 4),
(8, 3, 10),
(9, 3, 12),
(10, 4, 5),
(11, 4, 5),
(12, 4, 12),
(13, 5, 6),
(14, 5, 9),
(15, 5, 5),
(16, 6, 4),
(17, 6, 4),
(18, 6, 12),
(19, 7, 11),
(20, 7, 3),
(21, 7, 6),
(22, 8, 5),
(23, 8, 2),
(24, 8, 12),
(25, 9, 5),
(26, 9, 10),
(27, 9, 1),
(28, 10, 12),
(29, 10, 6),
(30, 10, 4),
(31, 11, 5),
(32, 11, 10),
(33, 11, 7),
(34, 12, 1),
(35, 12, 5),
(36, 12, 4),
(37, 13, 4),
(38, 13, 6),
(39, 13, 9),
(40, 14, 11),
(41, 14, 7),
(42, 14, 11),
(43, 15, 7),
(44, 15, 4),
(45, 15, 6),
(46, 16, 7),
(47, 16, 12),
(48, 16, 7),
(49, 17, 6),
(50, 17, 3),
(51, 17, 10),
(52, 18, 2),
(53, 18, 10),
(54, 18, 1),
(55, 19, 9),
(56, 19, 2),
(57, 19, 6),
(58, 20, 5),
(59, 20, 3),
(60, 20, 1),
(61, 21, 12),
(62, 21, 6),
(63, 21, 6),
(64, 22, 2),
(65, 22, 6),
(66, 22, 6),
(67, 23, 9),
(68, 23, 10),
(69, 23, 6),
(70, 24, 5),
(71, 24, 9),
(72, 24, 10),
(73, 25, 9),
(74, 25, 12),
(75, 25, 9),
(76, 26, 6),
(77, 26, 12),
(78, 26, 8),
(79, 27, 2),
(80, 27, 9),
(81, 27, 9),
(82, 28, 8),
(83, 28, 4),
(84, 28, 7),
(85, 29, 3),
(86, 29, 11),
(87, 29, 10),
(88, 30, 12),
(89, 30, 8),
(90, 30, 10),
(91, 31, 5),
(92, 31, 11),
(93, 31, 10),
(94, 32, 11),
(95, 32, 8),
(96, 32, 2),
(97, 33, 2),
(98, 33, 4),
(99, 33, 10),
(100, 34, 10),
(101, 34, 8),
(102, 34, 9),
(103, 35, 7),
(104, 35, 9),
(105, 35, 10),
(106, 36, 9),
(107, 36, 3),
(108, 36, 2),
(109, 37, 3),
(110, 37, 1),
(111, 37, 1),
(112, 38, 7),
(113, 38, 10),
(114, 38, 4),
(115, 39, 4),
(116, 39, 10),
(117, 39, 6),
(118, 40, 1),
(119, 40, 3),
(120, 40, 3),
(121, 41, 6),
(122, 41, 8),
(123, 41, 7),
(124, 42, 12),
(125, 42, 2),
(126, 42, 10),
(127, 43, 8),
(128, 43, 8),
(129, 43, 11),
(130, 44, 3),
(131, 44, 6),
(132, 44, 10),
(133, 45, 5),
(134, 45, 9),
(135, 45, 6),
(136, 46, 2),
(137, 46, 3),
(138, 46, 7),
(139, 47, 3),
(140, 47, 4),
(141, 47, 7),
(142, 48, 1),
(143, 48, 1),
(144, 48, 6),
(145, 49, 9),
(146, 49, 7),
(147, 49, 6),
(148, 50, 8),
(149, 50, 4),
(150, 50, 6),
(151, 51, 15),
(152, 51, 19),
(153, 51, 13),
(154, 52, 14),
(155, 52, 21),
(156, 52, 21),
(157, 53, 15),
(158, 53, 15),
(159, 53, 21),
(160, 54, 15),
(161, 54, 23),
(162, 54, 15),
(163, 55, 24),
(164, 55, 16),
(165, 55, 13),
(166, 56, 22),
(167, 56, 14),
(168, 56, 13),
(169, 57, 17),
(170, 57, 13),
(171, 57, 22),
(172, 58, 18),
(173, 58, 22),
(174, 58, 23),
(175, 59, 22),
(176, 59, 23),
(177, 59, 21),
(178, 60, 21),
(179, 60, 14),
(180, 60, 22),
(181, 61, 19),
(182, 61, 16),
(183, 61, 18),
(184, 62, 15),
(185, 62, 14),
(186, 62, 19),
(187, 63, 17),
(188, 63, 13),
(189, 63, 24),
(190, 64, 23),
(191, 64, 17),
(192, 64, 21),
(193, 65, 24),
(194, 65, 14),
(195, 65, 18),
(196, 66, 17),
(197, 66, 18),
(198, 66, 23),
(199, 67, 14),
(200, 67, 21),
(201, 67, 19),
(202, 68, 21),
(203, 68, 22),
(204, 68, 15),
(205, 69, 18),
(206, 69, 23),
(207, 69, 17),
(208, 70, 15),
(209, 70, 23),
(210, 70, 20),
(211, 71, 18),
(212, 71, 13),
(213, 71, 20),
(214, 72, 18),
(215, 72, 17),
(216, 72, 19),
(217, 73, 16),
(218, 73, 21),
(219, 73, 23),
(220, 74, 17),
(221, 74, 20),
(222, 74, 23),
(223, 75, 17),
(224, 75, 13),
(225, 75, 14),
(226, 76, 14),
(227, 76, 24),
(228, 76, 19),
(229, 77, 18),
(230, 77, 24),
(231, 77, 21),
(232, 78, 17),
(233, 78, 24),
(234, 78, 15),
(235, 79, 13),
(236, 79, 23),
(237, 79, 24),
(238, 80, 13),
(239, 80, 21),
(240, 80, 21),
(241, 81, 21),
(242, 81, 18),
(243, 81, 13),
(244, 82, 23),
(245, 82, 22),
(246, 82, 22),
(247, 83, 23),
(248, 83, 14),
(249, 83, 23),
(250, 84, 21),
(251, 84, 19),
(252, 84, 15),
(253, 85, 23),
(254, 85, 15),
(255, 85, 13),
(256, 86, 14),
(257, 86, 16),
(258, 86, 15),
(259, 87, 15),
(260, 87, 22),
(261, 87, 19),
(262, 88, 13),
(263, 88, 18),
(264, 88, 24),
(265, 89, 22),
(266, 89, 17),
(267, 89, 15),
(268, 90, 17),
(269, 90, 22),
(270, 90, 15),
(271, 91, 15),
(272, 91, 20),
(273, 91, 16),
(274, 92, 24),
(275, 92, 23),
(276, 92, 13),
(277, 93, 14),
(278, 93, 19),
(279, 93, 14),
(280, 94, 19),
(281, 94, 16),
(282, 94, 17),
(283, 95, 19),
(284, 95, 20),
(285, 95, 16),
(286, 96, 18),
(287, 96, 23),
(288, 96, 13),
(289, 97, 13),
(290, 97, 23),
(291, 97, 18),
(292, 98, 14),
(293, 98, 13),
(294, 98, 15),
(295, 99, 13),
(296, 99, 22),
(297, 99, 17),
(298, 100, 17),
(299, 100, 19),
(300, 100, 16),
(301, 101, 29),
(302, 101, 26),
(303, 101, 34),
(304, 102, 35),
(305, 102, 36),
(306, 102, 28),
(307, 103, 28),
(308, 103, 27),
(309, 103, 30),
(310, 104, 33),
(311, 104, 35),
(312, 104, 28),
(313, 105, 27),
(314, 105, 33),
(315, 105, 25),
(316, 106, 29),
(317, 106, 29),
(318, 106, 29),
(319, 107, 35),
(320, 107, 36),
(321, 107, 28),
(322, 108, 33),
(323, 108, 27),
(324, 108, 32),
(325, 109, 36),
(326, 109, 33),
(327, 109, 32),
(328, 110, 33),
(329, 110, 28),
(330, 110, 30),
(331, 111, 30),
(332, 111, 25),
(333, 111, 27),
(334, 112, 27),
(335, 112, 25),
(336, 112, 29),
(337, 113, 25),
(338, 113, 26),
(339, 113, 26),
(340, 114, 32),
(341, 114, 30),
(342, 114, 29),
(343, 115, 25),
(344, 115, 34),
(345, 115, 34),
(346, 116, 29),
(347, 116, 27),
(348, 116, 27),
(349, 117, 31),
(350, 117, 36),
(351, 117, 28),
(352, 118, 35),
(353, 118, 25),
(354, 118, 27),
(355, 119, 31),
(356, 119, 28),
(357, 119, 27),
(358, 120, 30),
(359, 120, 28),
(360, 120, 29),
(361, 121, 35),
(362, 121, 32),
(363, 121, 34),
(364, 122, 36),
(365, 122, 30),
(366, 122, 36),
(367, 123, 26),
(368, 123, 34),
(369, 123, 26),
(370, 124, 25),
(371, 124, 33),
(372, 124, 26),
(373, 125, 34),
(374, 125, 30),
(375, 125, 25),
(376, 126, 34),
(377, 126, 32),
(378, 126, 34),
(379, 127, 32),
(380, 127, 35),
(381, 127, 36),
(382, 128, 33),
(383, 128, 30),
(384, 128, 36),
(385, 129, 25),
(386, 129, 25),
(387, 129, 33),
(388, 130, 32),
(389, 130, 31),
(390, 130, 27),
(391, 131, 25),
(392, 131, 27),
(393, 131, 29),
(394, 132, 31),
(395, 132, 31),
(396, 132, 25),
(397, 133, 36),
(398, 133, 28),
(399, 133, 34),
(400, 134, 29),
(401, 134, 27),
(402, 134, 30),
(403, 135, 33),
(404, 135, 30),
(405, 135, 31),
(406, 136, 30),
(407, 136, 26),
(408, 136, 28),
(409, 137, 26),
(410, 137, 36),
(411, 137, 34),
(412, 138, 30),
(413, 138, 34),
(414, 138, 34),
(415, 139, 31),
(416, 139, 25),
(417, 139, 31),
(418, 140, 25),
(419, 140, 33),
(420, 140, 36),
(421, 141, 31),
(422, 141, 35),
(423, 141, 36),
(424, 142, 33),
(425, 142, 27),
(426, 142, 36),
(427, 143, 32),
(428, 143, 27),
(429, 143, 25),
(430, 144, 26),
(431, 144, 31),
(432, 144, 34),
(433, 145, 28),
(434, 145, 33),
(435, 145, 30),
(436, 146, 35),
(437, 146, 31),
(438, 146, 30),
(439, 147, 32),
(440, 147, 25),
(441, 147, 29),
(442, 148, 25),
(443, 148, 36),
(444, 148, 32),
(445, 149, 27),
(446, 149, 34),
(447, 149, 28),
(448, 150, 33),
(449, 150, 26),
(450, 150, 30),
(451, 151, 44),
(452, 151, 43),
(453, 151, 39),
(454, 152, 38),
(455, 152, 39),
(456, 152, 40),
(457, 153, 46),
(458, 153, 38),
(459, 153, 40),
(460, 154, 47),
(461, 154, 43),
(462, 154, 45),
(463, 155, 39),
(464, 155, 44),
(465, 155, 44),
(466, 156, 41),
(467, 156, 41),
(468, 156, 42),
(469, 157, 43),
(470, 157, 47),
(471, 157, 45),
(472, 158, 40),
(473, 158, 37),
(474, 158, 37),
(475, 159, 40),
(476, 159, 48),
(477, 159, 47),
(478, 160, 41),
(479, 160, 48),
(480, 160, 46),
(481, 161, 48),
(482, 161, 48),
(483, 161, 42),
(484, 162, 45),
(485, 162, 46),
(486, 162, 37),
(487, 163, 43),
(488, 163, 47),
(489, 163, 47),
(490, 164, 42),
(491, 164, 43),
(492, 164, 42),
(493, 165, 45),
(494, 165, 43),
(495, 165, 46),
(496, 166, 37),
(497, 166, 47),
(498, 166, 41),
(499, 167, 41),
(500, 167, 42),
(501, 167, 37),
(502, 168, 45),
(503, 168, 37),
(504, 168, 46),
(505, 169, 45),
(506, 169, 43),
(507, 169, 37),
(508, 170, 38),
(509, 170, 47),
(510, 170, 44),
(511, 171, 47),
(512, 171, 47),
(513, 171, 39),
(514, 172, 40),
(515, 172, 37),
(516, 172, 37),
(517, 173, 46),
(518, 173, 39),
(519, 173, 37),
(520, 174, 38),
(521, 174, 44),
(522, 174, 37),
(523, 175, 45),
(524, 175, 46),
(525, 175, 48),
(526, 176, 44),
(527, 176, 38),
(528, 176, 40),
(529, 177, 44),
(530, 177, 40),
(531, 177, 40),
(532, 178, 40),
(533, 178, 48),
(534, 178, 37),
(535, 179, 42),
(536, 179, 46),
(537, 179, 44),
(538, 180, 41),
(539, 180, 48),
(540, 180, 48),
(541, 181, 41),
(542, 181, 41),
(543, 181, 48),
(544, 182, 39),
(545, 182, 47),
(546, 182, 47),
(547, 183, 46),
(548, 183, 37),
(549, 183, 42),
(550, 184, 38),
(551, 184, 46),
(552, 184, 37),
(553, 185, 40),
(554, 185, 42),
(555, 185, 39),
(556, 186, 45),
(557, 186, 41),
(558, 186, 48),
(559, 187, 38),
(560, 187, 41),
(561, 187, 37),
(562, 188, 37),
(563, 188, 42),
(564, 188, 47),
(565, 189, 38),
(566, 189, 45),
(567, 189, 38),
(568, 190, 37),
(569, 190, 45),
(570, 190, 45),
(571, 191, 43),
(572, 191, 42),
(573, 191, 45),
(574, 192, 47),
(575, 192, 46),
(576, 192, 46),
(577, 193, 39),
(578, 193, 47),
(579, 193, 39),
(580, 194, 44),
(581, 194, 39),
(582, 194, 39),
(583, 195, 41),
(584, 195, 44),
(585, 195, 44),
(586, 196, 46),
(587, 196, 42),
(588, 196, 44),
(589, 197, 44),
(590, 197, 41),
(591, 197, 44),
(592, 198, 47),
(593, 198, 38),
(594, 198, 44),
(595, 199, 41),
(596, 199, 46),
(597, 199, 45),
(598, 200, 47),
(599, 200, 39),
(600, 200, 43),
(601, 201, 53),
(602, 201, 60),
(603, 201, 53),
(604, 202, 50),
(605, 202, 49),
(606, 202, 49),
(607, 203, 54),
(608, 203, 49),
(609, 203, 58),
(610, 204, 52),
(611, 204, 51),
(612, 204, 58),
(613, 205, 56),
(614, 205, 50),
(615, 205, 57),
(616, 206, 56),
(617, 206, 50),
(618, 206, 53),
(619, 207, 55),
(620, 207, 57),
(621, 207, 49),
(622, 208, 57),
(623, 208, 58),
(624, 208, 59),
(625, 209, 49),
(626, 209, 60),
(627, 209, 50),
(628, 210, 51),
(629, 210, 57),
(630, 210, 57),
(631, 211, 50),
(632, 211, 51),
(633, 211, 56),
(634, 212, 58),
(635, 212, 57),
(636, 212, 51),
(637, 213, 55),
(638, 213, 50),
(639, 213, 51),
(640, 214, 52),
(641, 214, 58),
(642, 214, 49),
(643, 215, 49),
(644, 215, 59),
(645, 215, 56),
(646, 216, 57),
(647, 216, 59),
(648, 216, 55),
(649, 217, 57),
(650, 217, 49),
(651, 217, 49),
(652, 218, 59),
(653, 218, 57),
(654, 218, 51),
(655, 219, 52),
(656, 219, 50),
(657, 219, 51),
(658, 220, 56),
(659, 220, 52),
(660, 220, 51),
(661, 221, 50),
(662, 221, 59),
(663, 221, 54),
(664, 222, 53),
(665, 222, 52),
(666, 222, 56),
(667, 223, 60),
(668, 223, 54),
(669, 223, 56),
(670, 224, 52),
(671, 224, 53),
(672, 224, 53),
(673, 225, 51),
(674, 225, 51),
(675, 225, 57),
(676, 226, 60),
(677, 226, 56),
(678, 226, 58),
(679, 227, 55),
(680, 227, 53),
(681, 227, 60),
(682, 228, 50),
(683, 228, 57),
(684, 228, 51),
(685, 229, 53),
(686, 229, 59),
(687, 229, 58),
(688, 230, 58),
(689, 230, 50),
(690, 230, 52),
(691, 231, 51),
(692, 231, 52),
(693, 231, 55),
(694, 232, 51),
(695, 232, 59),
(696, 232, 52),
(697, 233, 52),
(698, 233, 53),
(699, 233, 51),
(700, 234, 58),
(701, 234, 54),
(702, 234, 60),
(703, 235, 60),
(704, 235, 52),
(705, 235, 54),
(706, 236, 56),
(707, 236, 53),
(708, 236, 54),
(709, 237, 55),
(710, 237, 50),
(711, 237, 57),
(712, 238, 56),
(713, 238, 51),
(714, 238, 50),
(715, 239, 59),
(716, 239, 57),
(717, 239, 58),
(718, 240, 54),
(719, 240, 55),
(720, 240, 54),
(721, 241, 57),
(722, 241, 52),
(723, 241, 49),
(724, 242, 52),
(725, 242, 51),
(726, 242, 60),
(727, 243, 50),
(728, 243, 57),
(729, 243, 55),
(730, 244, 51),
(731, 244, 53),
(732, 244, 56),
(733, 245, 56),
(734, 245, 55),
(735, 245, 57),
(736, 246, 50),
(737, 246, 59),
(738, 246, 59),
(739, 247, 60),
(740, 247, 50),
(741, 247, 54),
(742, 248, 54),
(743, 248, 60),
(744, 248, 59),
(745, 249, 51),
(746, 249, 58),
(747, 249, 54),
(748, 250, 52),
(749, 250, 51),
(750, 250, 56);

-- --------------------------------------------------------

--
-- Table structure for table `tag`
--

CREATE TABLE IF NOT EXISTS `tag` (
  `tag_id` int(11) NOT NULL,
  `user_id` int(11) NOT NULL,
  `description` varchar(225) NOT NULL,
  `status` int(11) NOT NULL
) ENGINE=InnoDB AUTO_INCREMENT=61 DEFAULT CHARSET=utf8;

--
-- Dumping data for table `tag`
--

INSERT INTO `tag` (`tag_id`, `user_id`, `description`, `status`) VALUES
(1, 1, '#lively', 1),
(2, 1, '#jolly ', 1),
(3, 1, '#zealou', 1),
(4, 1, '#talent', 1),
(5, 1, '#gracef', 1),
(6, 1, '#tame t', 1),
(7, 1, '#spotle', 1),
(8, 1, '#spotle', 1),
(9, 1, '#tense ', 1),
(10, 1, '#nutty ', 1),
(11, 1, '#alive ', 1),
(12, 1, '#fright', 1),
(13, 2, '#witty ', 1),
(14, 2, '#alert ', 1),
(15, 2, '#nutty ', 1),
(16, 2, '#selfis', 1),
(17, 2, '#bored ', 1),
(18, 2, '#comfor', 1),
(19, 2, '#outsta', 1),
(20, 2, '#expens', 1),
(21, 2, '#smoggy', 1),
(22, 2, '#imposs', 1),
(23, 2, '#outsta', 1),
(24, 2, '#calm c', 1),
(25, 3, '#depres', 1),
(26, 3, '#danger', 1),
(27, 3, '#dark d', 1),
(28, 3, '#yawnin', 1),
(29, 3, '#alive ', 1),
(30, 3, '#curiou', 1),
(31, 3, '#precio', 1),
(32, 3, '#perfec', 1),
(33, 3, '#dizzy ', 1),
(34, 3, '#defian', 1),
(35, 3, '#innoce', 1),
(36, 3, '#depres', 1),
(37, 4, '#vivaci', 1),
(38, 4, '#stupid', 1),
(39, 4, '#adorab', 1),
(40, 4, '#hilari', 1),
(41, 4, '#cooper', 1),
(42, 4, '#lazy l', 1),
(43, 4, '#spotle', 1),
(44, 4, '#friend', 1),
(45, 4, '#zany z', 1),
(46, 4, '#breaka', 1),
(47, 4, '#lovely', 1),
(48, 4, '#smilin', 1),
(49, 5, '#gentle', 1),
(50, 5, '#grievi', 1),
(51, 5, '#hurt h', 1),
(52, 5, '#glorio', 1),
(53, 5, '#gleami', 1),
(54, 5, '#health', 1),
(55, 5, '#testy ', 1),
(56, 5, '#charmi', 1),
(57, 5, '#worris', 1),
(58, 5, '#thankf', 1),
(59, 5, '#clumsy', 1),
(60, 5, '#smoggy', 1);

-- --------------------------------------------------------

--
-- Table structure for table `user`
--

CREATE TABLE IF NOT EXISTS `user` (
  `user_id` int(11) NOT NULL,
  `username` varchar(225) NOT NULL,
  `email` varchar(225) NOT NULL,
  `password` varchar(45) NOT NULL,
  `img` varchar(255) DEFAULT NULL,
  `hash` varchar(225) NOT NULL,
  `status` int(11) NOT NULL
) ENGINE=InnoDB AUTO_INCREMENT=6 DEFAULT CHARSET=utf8;

--
-- Dumping data for table `user`
--

INSERT INTO `user` (`user_id`, `username`, `email`, `password`, `img`, `hash`, `status`) VALUES
(1, 'Plain Platypus', 'plai@gmail.com', '601f1889667efaebb33b8c12572835da3f027f78', 'face1.jpg', 'bfa13a5ad12b42e32da06ac3a689bb14', 1),
(2, 'Light Lapwing', 'ligh@gmail.com', '601f1889667efaebb33b8c12572835da3f027f78', 'face2.jpg', 'f287fd2aec8bd590a3ee92a76170a122', 1),
(3, 'Silly Skipper', 'sill@gmail.com', '601f1889667efaebb33b8c12572835da3f027f78', 'face3.jpg', '39f4e7d81d11ba587daa6ab6c540e6c2', 1),
(4, 'Grumpy Goat', 'grum@gmail.com', '601f1889667efaebb33b8c12572835da3f027f78', 'face4.jpg', '07331d11098e0d8b42b6c987d5b0d0bf', 1),
(5, 'Panicky Petrel', 'pani@gmail.com', '601f1889667efaebb33b8c12572835da3f027f78', 'face5.jpg', 'a7c13e85a58fc7f0b13114e74cd86063', 1);

--
-- Indexes for dumped tables
--

--
-- Indexes for table `category`
--
ALTER TABLE `category`
  ADD PRIMARY KEY (`category_id`),
  ADD KEY `fk_category_user_idx` (`user_id`);

--
-- Indexes for table `checklist`
--
ALTER TABLE `checklist`
  ADD PRIMARY KEY (`checklist_id`),
  ADD KEY `fk_list_user1_idx` (`user_id`);

--
-- Indexes for table `checklist_product`
--
ALTER TABLE `checklist_product`
  ADD PRIMARY KEY (`checklist_product_id`),
  ADD KEY `fk_list_product_list1_idx` (`checklist_id`),
  ADD KEY `fk_list_product_product1_idx` (`product_id`);

--
-- Indexes for table `product`
--
ALTER TABLE `product`
  ADD PRIMARY KEY (`product_id`),
  ADD KEY `fk_product_category1_idx` (`category_id`);

--
-- Indexes for table `product_tag`
--
ALTER TABLE `product_tag`
  ADD PRIMARY KEY (`product_tag_id`),
  ADD KEY `fk_product_tag_product1_idx` (`product_id`),
  ADD KEY `fk_product_tag_tag1_idx` (`tag_id`);

--
-- Indexes for table `tag`
--
ALTER TABLE `tag`
  ADD PRIMARY KEY (`tag_id`),
  ADD KEY `fk_tag_user1_idx` (`user_id`);

--
-- Indexes for table `user`
--
ALTER TABLE `user`
  ADD PRIMARY KEY (`user_id`);

--
-- AUTO_INCREMENT for dumped tables
--

--
-- AUTO_INCREMENT for table `category`
--
ALTER TABLE `category`
  MODIFY `category_id` int(11) NOT NULL AUTO_INCREMENT,AUTO_INCREMENT=91;
--
-- AUTO_INCREMENT for table `checklist`
--
ALTER TABLE `checklist`
  MODIFY `checklist_id` int(11) NOT NULL AUTO_INCREMENT,AUTO_INCREMENT=76;
--
-- AUTO_INCREMENT for table `checklist_product`
--
ALTER TABLE `checklist_product`
  MODIFY `checklist_product_id` int(11) NOT NULL AUTO_INCREMENT,AUTO_INCREMENT=301;
--
-- AUTO_INCREMENT for table `product`
--
ALTER TABLE `product`
  MODIFY `product_id` int(11) NOT NULL AUTO_INCREMENT,AUTO_INCREMENT=251;
--
-- AUTO_INCREMENT for table `product_tag`
--
ALTER TABLE `product_tag`
  MODIFY `product_tag_id` int(11) NOT NULL AUTO_INCREMENT,AUTO_INCREMENT=751;
--
-- AUTO_INCREMENT for table `tag`
--
ALTER TABLE `tag`
  MODIFY `tag_id` int(11) NOT NULL AUTO_INCREMENT,AUTO_INCREMENT=61;
--
-- AUTO_INCREMENT for table `user`
--
ALTER TABLE `user`
  MODIFY `user_id` int(11) NOT NULL AUTO_INCREMENT,AUTO_INCREMENT=6;
--
-- Constraints for dumped tables
--

--
-- Constraints for table `category`
--
ALTER TABLE `category`
  ADD CONSTRAINT `fk_category_user` FOREIGN KEY (`user_id`) REFERENCES `user` (`user_id`) ON DELETE NO ACTION ON UPDATE NO ACTION;

--
-- Constraints for table `checklist`
--
ALTER TABLE `checklist`
  ADD CONSTRAINT `fk_list_user1` FOREIGN KEY (`user_id`) REFERENCES `user` (`user_id`) ON DELETE NO ACTION ON UPDATE NO ACTION;

--
-- Constraints for table `checklist_product`
--
ALTER TABLE `checklist_product`
  ADD CONSTRAINT `fk_list_product_list1` FOREIGN KEY (`checklist_id`) REFERENCES `checklist` (`checklist_id`) ON DELETE NO ACTION ON UPDATE NO ACTION,
  ADD CONSTRAINT `fk_list_product_product1` FOREIGN KEY (`product_id`) REFERENCES `product` (`product_id`) ON DELETE NO ACTION ON UPDATE NO ACTION;

--
-- Constraints for table `product`
--
ALTER TABLE `product`
  ADD CONSTRAINT `fk_product_category1` FOREIGN KEY (`category_id`) REFERENCES `category` (`category_id`) ON DELETE NO ACTION ON UPDATE NO ACTION;

--
-- Constraints for table `product_tag`
--
ALTER TABLE `product_tag`
  ADD CONSTRAINT `fk_product_tag_product1` FOREIGN KEY (`product_id`) REFERENCES `product` (`product_id`) ON DELETE NO ACTION ON UPDATE NO ACTION,
  ADD CONSTRAINT `fk_product_tag_tag1` FOREIGN KEY (`tag_id`) REFERENCES `tag` (`tag_id`) ON DELETE NO ACTION ON UPDATE NO ACTION;

--
-- Constraints for table `tag`
--
ALTER TABLE `tag`
  ADD CONSTRAINT `fk_tag_user1` FOREIGN KEY (`user_id`) REFERENCES `user` (`user_id`) ON DELETE NO ACTION ON UPDATE NO ACTION;

/*!40101 SET CHARACTER_SET_CLIENT=@OLD_CHARACTER_SET_CLIENT */;
/*!40101 SET CHARACTER_SET_RESULTS=@OLD_CHARACTER_SET_RESULTS */;
/*!40101 SET COLLATION_CONNECTION=@OLD_COLLATION_CONNECTION */;
